c,n,m,k,w,run,seconds,size
8,4,2,2,2,1,0.000590,8
8,4,2,2,2,2,0.000961,8
8,4,2,2,2,3,0.000506,8
8,4,2,2,2,4,0.000629,8
8,4,2,2,2,5,0.001048,8
12,4,3,2,3,1,0.000645,12
12,4,3,2,3,2,0.001146,12
12,4,3,2,3,3,0.003044,12
12,4,3,2,3,4,0.000817,12
12,4,3,2,3,5,0.002815,12
16,4,4,2,4,1,0.001172,16
16,4,4,2,4,2,0.001310,16
16,4,4,2,4,3,0.000925,16
16,4,4,2,4,4,0.001598,16
16,4,4,2,4,5,0.001170,16
